소재명,광고비_기간합계,ad_id,instagram_permalink,facebook_link,effective_instagram_media_id,object_type
[26.04]F_V_P망_전환_망요파출시_네고형_관계성네고형_var1.릴스_규모감.X_1C_고가영_260424_1T_이미진,84816432,120245678853640659,https://www.instagram.com/p/DXgkmNLgC_1/,https://www.facebook.com/135447683885686_1469638485177586,18119743642652041,VIDEO
[26.06]F_V_JD멜_전환_쫀득바출시_맛인지형_우베BP_var1.릴스_혜택.X_2P_김유진_260605_빙과_김지연,78185187,120248737510830659,https://www.instagram.com/p/DZOnr47AGGu/,https://www.facebook.com/413028192784665_1606408011495236,18076173926279793,VIDEO
[26.03]F_V_P초_전환_복요파출시_네고형_실수네고형_var3.릴스_살려주세요.03_00_고가영_260320_1T_윤성미,76653914,120243949247170659,https://www.instagram.com/p/DXLSZ3VAOCw/,https://www.facebook.com/135447683885686_1461952809279487,17936916450198808,VIDEO
[26.03]F_V_P초_전환_복요파출시_네고형_전화네고형_var3.릴스_CS. 본론.03_00_고가영_260306_1T_강다빈,59208438,120243391061760659,https://www.instagram.com/p/DW3WCVsAK5P/,https://www.facebook.com/135447683885686_1455250943283007,18046776047745995,VIDEO
[26.02]F_V_P복_전환_복요파출시_네고형_전라도청년BP_main.릴스_공통부터.03_00_전시은_260227_1T_이미진,47802672,120243058996810659,https://www.instagram.com/p/DXLOENEADL8/,https://www.facebook.com/135447683885686_1461928475948587,18068227571649785,VIDEO
[26.05]F_V_DB딸_전환_듬뿍바출시이벤트_네고형_네고형_main.릴스_딸기주물럭.현경PJ1_2C_허재희_260514_2T_노현경,47464570,120247050054740659,https://www.instagram.com/p/DYV0275gK2U/,https://www.facebook.com/135447683885686_1489184319889669,18373123660206962,VIDEO
[26.04]F_V_P망_전환_망요파출시_쩜오건_마미케어BP_main.릴스_기본.가격구성집중.재원PJ1_1C_최재원_260417_1T_최재원,45620747,120245277282320659,https://www.instagram.com/p/DXOH7v_gKeP/,https://www.facebook.com/413028192784665_1558024013000303,18160462075434123,VIDEO
[26.03]F_V_P초_전환_복요파출시_기타_꼬막BP_var1.릴스_대세감.02_00_고가영_260313_1T_강다빈,41004363,120243675885980659,https://www.instagram.com/p/DXLSLHMAH69/,https://www.facebook.com/135447683885686_1461951535946281,18124460725716660,VIDEO
[26.05]F_V_P혼_전환_파인트990원_네고형_기본네고형_var1.릴스_악플읽기.재원PJ1_1C_문선정_260501_1T_최재원,39800192,120246025850610659,https://www.instagram.com/p/DXuFCYIgNRC/,https://www.facebook.com/135447683885686_1474585411349560,17858749434688431,VIDEO
[26.04]F_I_P혼_전환_망요파출시_혜택강조형_혜택.100_.배너_혜택O.예외적할인상황.가격인상.전쟁.판매중단.원재료수급불안정_확장_문선정_260422_1셀_김민우,39253730,120245540984610659,https://www.instagram.com/p/DXbdtpGjCHP/,https://www.facebook.com/135447683885686_1467674108707357,18202035685341394,SHARE
[26.03]F_V_P초_전환_복요파출시_쩜오건_밈활용_var1.릴스_기본.03_00_이봄_260320_1T_이봄1,35892666,120243940488790659,https://www.instagram.com/p/DY7pR9DAJYO/,https://www.facebook.com/413028192784665_1598668758935828,17869421397681427,VIDEO
[26.02]F_V_P초_전환_복요파출시_네고형_책상네고형_main.릴스_기본.03_08_문선정_260220_1T_이미진,35408547,120242614501890659,https://www.instagram.com/p/DXLS5pJAEVC/,https://www.facebook.com/135447683885686_1461956455945789,17996725979941530,VIDEO
[26.04]F_I_P혼_전환_상시_혜택강조형_혜택.100_.배너_혜택O.쟁임혜택형.990원.브팀기획.990원에쟁이세요_확장_문선정_260428_1셀_김민우,31061953,120245958701060659,https://www.instagram.com/p/DXq-UZegGQ2/,https://www.facebook.com/135447683885686_1473467521461349,18119647183730798,SHARE
[26.06]F_V_JD멜_전환_쫀득바출시_신규BP_바운스번BP_main.릴스_BP.X_2P_고가영_260612_빙과_조의진,29647268,120249181285240659,https://www.instagram.com/p/DZe0kemgGnW/,https://www.facebook.com/135447683885686_1516485437159557,18156044998474524,VIDEO
[26.05]F_V_JD멜_전환_쫀득바출시_네고형_네고형_var8.릴스_프리미엄2.현경PJ1_2C_김유진_260522_2T_이수현,28596931,120247509352190659,https://www.instagram.com/p/DY1LyjNgB76/,https://www.facebook.com/135447683885686_1500725682068866,17986367987995903,VIDEO
[26.03]F_I_P초_전환_상시_혜택강조형_혜택.100_.배너_혜택O.비용재해석.생초코.100원.네고.매직_확장_문선정_260311_1셀_오형선,28257102,120243591082710659,https://www.instagram.com/p/DXLSt1LAG0h/,https://www.facebook.com/135447683885686_1461955269279241,17923165173298212,VIDEO
[26.06]F_V_JD멜_전환_쫀득바출시_네고형_전화네고형_var4.릴스_쫀득.숏.X_1P_김유진_260605_빙과_이수민,26104425,120248737549750659,https://www.instagram.com/p/DZOnr4aAAlB/,https://www.facebook.com/135447683885686_1510585634416204,17893997496346050,VIDEO
[26.05]F_V_P애_전환_파인트990원_신규BP_파르셀BP_main.릴스_본론.X_1C_고가영_260522_1T_이봄1,25765225,120247551338690659,https://www.instagram.com/p/DYo0fzGgL3C/,https://www.facebook.com/279622882680429_1408918647923159,18590418934019975,VIDEO
[26.05]F_V_JD멜_전환_쫀득바출시_네고형_공구네고형_var5.릴스_BP.진수.X_2C_김유진_260529_2T_피재은,24288382,120248126973170659,https://www.instagram.com/p/DY64PiggA_m/,https://www.facebook.com/135198523002173_122330385830034277,17873269656613237,VIDEO
[26.04]F_I_P혼_전환_망요파출시_직원설득형_혜택.100_.배너_혜택O.예외적할인상황.판매중단.원가상승.전쟁.공고문.현장감.표.고퀄리티유지어려워_확장_문선정_260427_1셀_김민우,21785586,120245885483100659,https://www.instagram.com/p/DXoPPMVgH3B/,https://www.facebook.com/135447683885686_1472407841567317,17953262508137036,SHARE
[26.05]F_V_P바_전환_상시_신규BP_CS제조과정형_var3.릴스_혜택.X_2C_김유진_260430_2T_피재은,20733402,120246070360340659,https://www.instagram.com/p/DXv9KgSAKAB/,https://www.facebook.com/135447683885686_1475442154597219,18097824341110682,VIDEO
[26.06]F_V_P혼_전환_셔벗리뉴얼특가_기타_꼬막BP_main.릴스_본론.X_1P_고가영_260602_빙과_강다빈,20647962,120248461264090659,https://www.instagram.com/p/DZFHBxPAAUd/,https://www.facebook.com/135447683885686_1506678701473564,18008367770921698,VIDEO
[26.05]F_V_P애_전환_셔벗리뉴얼특가_맛인지형_먹스타형_main.릴스_공통.X_2C_이재원_260512_2T_김지연,20384438,120246828285160659,https://www.instagram.com/p/DYOwDkqgAoi/,https://www.facebook.com/135447683885686_1486382370169864,18008764829907274,VIDEO
[26.02]F_V_P초_전환_복요파출시_네고형_네고확장형_main.릴스_뺨후킹.03_00_고가영_260227_1T_강다빈,20004246,120243062691450659,https://www.instagram.com/p/DVQaNjHgLoC/,https://www.facebook.com/135447683885686_1420002323474536,18048937955501824,VIDEO
[26.04]F_V_P망_전환_망요파출시_네고형_지인네고형_var3.릴스_규모감.X_1C_고가영_260417_1T_이봄1,18605132,120245290993050659,https://www.instagram.com/p/DXOujfVAPIa/,https://www.facebook.com/135447683885686_1463222459152522,18106919329913237,VIDEO
[26.06]F_I_P혼_전환_상시_혜택강조형__.배너_판매중단.현장감.안내문.원재료수급.물가안정.3일간100원.__박지연_260602_빙과_김민우,18336316,120248458848080659,https://www.instagram.com/p/DZFHJ9GAK5U/,https://www.facebook.com/135447683885686_1506680188140082,18068860412343657,SHARE
[26.04]F_V_P망_전환_망요파출시_취식강조형_asmr_var1.릴스_한정성.02_1C_고가영_260404_1T_이봄1,18276192,120244662604010659,https://www.instagram.com/p/DWqGWGSgNHh/,https://www.facebook.com/101306252954179_795618713614149,18006547283894504,VIDEO
[26.05]F_V_P혼_전환_파인트990원_원데이건_캡컷_main.릴스_담아도990.재원PJ1_1C_이미진_260501_1T_이미진,18082632,120246082418740659,https://www.instagram.com/p/DXwRF_OAPIz/,https://www.facebook.com/135447683885686_1475644311243670,18012994166888364,VIDEO
[26.05]F_V_P혼_전환_파인트990원_신규BP_홍게BP_var3.릴스_990원.X_1C_박지연_260501_1T_이봄1,17555651,120246360481540659,https://www.instagram.com/p/DXwV2w4AMOu/,https://www.facebook.com/135447683885686_1475682711239830,18002490266871443,VIDEO
[26.03]F_V_P초_전환_복요파출시_네고형_취식책상네고형_var3.릴스_pov.03_00_고가영_260306_1T_피재은,16763499,120243392230860659,https://www.instagram.com/p/DViq3Q_gHEk/,https://www.facebook.com/135447683885686_1426085736199528,17875108080426816,VIDEO
[26.04]F_V_P망_전환_망요파출시_네고형_관계성네고형_var5.릴스_지역페르소나.망고.(재)_1C_고가영_260413_1T_이봄1,15552187,120245069546560659,https://www.instagram.com/p/DY7lo8-ADH7/,https://www.facebook.com/413028192784665_1598644958938208,18588511051031885,VIDEO
[26.05]F_V_DB딸_전환_듬뿍바출시이벤트_원가강조형_미틀리에BP_var4.릴스_혜택.현경PJ1_2C_허재희_260515_2T_유영현,15022951,120247062096410659,https://www.instagram.com/p/DYWWwC8APQ7/,https://www.facebook.com/135447683885686_1489372803204154,18115890205809550,VIDEO
[26.03]F_V_P초_전환_복요파출시_네고형_전라도청년BP_var3.릴스_기존 후킹.03_00_전시은_260313_1T_이봄1,14688376,120243678266560659,https://www.instagram.com/p/DXLSmeRACRp/,https://www.facebook.com/413028192784665_1556992193103485,18099370466060455,VIDEO
[26.03]F_V_BA망_전환_망요바출시_손해상황강조형_미틀리에BP_var2.릴스_혜택강조.출시기념.03_00_안예빈_260327_2T_강경연,14535076,120244412617040659,,https://www.facebook.com/135447683885686_1462253629249405,18100169237003997,VIDEO
[26.04]F_I_P혼_전환_파인트990원_혜택강조형_혜택.100_.배너_혜택O.쟁임혜택형.직원실수.내부유출.현장감_확장_문선정_260429_1셀_김민우,13897110,120246010946330659,https://www.instagram.com/p/DXtihajADmu/,https://www.facebook.com/135447683885686_1474351538039614,18053497259721654,SHARE
[26.04]F_V_P망_전환_망요파출시_네고형_관계성네고형_var3.릴스_가격.X_1C_고가영_260424_1T_이미진,13044109,120245681999100659,https://www.instagram.com/p/DXgknIdADUu/,https://www.facebook.com/135447683885686_1469638481844253,17884726872508771,VIDEO
[25.07]F_V_P초_전환_멜론바리뉴얼기념_악플읽기형_가격_var3.릴스_비주얼선._2507KR2_영상팀_250725_1T_노현경,12607956,120242236626110659,https://www.instagram.com/p/DUjyWW0AHfN/,https://www.facebook.com/101306252954179_754142701095084,18096976826506796,VIDEO
[25.07]F_V_P초_전환_멜론바리뉴얼기념_직원리뷰형_초코파인트_var1.릴스_쫀득후킹._2507KR1_영상팀_250725_1T_한지희,12586523,120232422208400659,https://www.instagram.com/p/DMoazUygAz3/,https://www.facebook.com/101306252954179_599669219875767,18066592213900907,VIDEO
[26.03]F_I_P초_전환_복요파출시_혜택강조형_혜택.100_.배너_혜택O.비용재해석.실체.직원.실수.안내문.생초코_확장_문선정_260326_1셀_김민우,11610787,120244203419250659,https://www.instagram.com/p/DXLOHbJAFkt/,https://www.facebook.com/135447683885686_1461928832615218,18095476790278659,SHARE
[26.05]F_I_P혼_전환_파인트990원_혜택강조형_혜택.100_.배너_혜택O.판매중단.수량제한.대세감.사과문.3일간990원.최대5개_확장_박지연_260522_1셀_김민우,10981530,120247548401970659,https://www.instagram.com/p/DY3M_jZgK8O/,https://www.facebook.com/135447683885686_1501488605325907,18231273508312723,SHARE
[26.05]F_V_P혼_전환_망요파출시_신규BP_바운스번BP_main.릴스_미틀리에.X_1C_박지연_260508_1T_이미진,10528282,120246587755500659,https://www.instagram.com/p/DYEy5zvgKDZ/,https://www.facebook.com/135447683885686_1482760747198693,18173290303364965,VIDEO
[26.03]F_I_P초_전환_복요파출시_혜택강조형_혜택.100_.배너_혜택O.대세감.떵개.고효율.오늘까지래요.쟁임_확장_문선정_260331_1셀_오형선,10018872,120244473468710659,https://www.instagram.com/p/DY7l6l6gBMd/,https://www.facebook.com/135447683885686_1503141038493997,17865909150562824,SHARE
[26.04]F_V_BA망_전환_망요바출시_원가강조형_미틀리에BP_var4.릴스_혜택강조.출시기념.(재)_2C_안예빈_260410_2T_강경연,9960113,120245075743610659,,https://www.facebook.com/135447683885686_1459466249528143,17948844978131002,VIDEO
[26.05]F_V_DB키_전환_듬뿍바출시이벤트_인플루언서형_인플루언서형_var2.릴스_씨강조.현경PJ1_2C_허재희_260529_2T_유영현,9713892,120248107784080659,https://www.instagram.com/p/DY6gleLACmk/,https://www.facebook.com/101306252954179_840266429149377,17891625780497157,VIDEO
[26.05]F_I_P혼_전환_파인트990원_혜택강조형_혜택.100_.배너_혜택O.쟁임혜택형.혜택강조.예외적할인.무제한990원.전쟁한정성명분.쌀때쟁이세요_확장_문선정_260507_1셀_김수정,9470978,120246533094160659,https://www.instagram.com/p/DYCJIN_AD7W/,https://www.facebook.com/135447683885686_1481730173968417,17907055659410110,SHARE
[26.06]F_V_P혼_전환_셔벗리뉴얼특가_기타_꼬막BP_var1.릴스_대세감.X_1P_고가영_260602_빙과_강다빈,9365507,120248458936850659,https://www.instagram.com/p/DZFHHJWgGI9/,https://www.facebook.com/135447683885686_1506679461473488,18092624708007123,VIDEO
[26.02]F_V_P초_전환_복요파출시_네고형_지인네고형_var1.릴스_소비자보이스.02_00_고가영_260227_1T_이봄1,8816301,120243060350840659,https://www.instagram.com/p/DVQWjW9AJ7f/,https://www.facebook.com/135447683885686_1419974623477306,18093997556489142,VIDEO
[26.02]F_V_P복_전환_복요파출시_네고형_전화네고형_var2.릴스_취식.03_11_전시은_260213_1T_이봄1,8757229,120242357601000659,https://www.instagram.com/p/DUsI0mjAFMp/,https://www.facebook.com/135447683885686_1407093208098781,18000596735712755,VIDEO
[26.07]F_V_P말_전환_말차재입고_원가강조형_미틀리에BP_var2.릴스_말차계에르메스.X_2P_손유곤_260703_빙과_노현경,8625162,120250486530360659,https://www.instagram.com/p/DaU0uAmgheD/,https://www.facebook.com/135447683885686_1536258021848965,18102247730156336,VIDEO
[26.03]F_I_P혼_전환_상시_혜택강조형_혜택.100_.배너_혜택O.비용재해석.다시는.젤라또급.꾸덕쫀득.100원_확장_문선정_260313_1셀_김민우,8317490,120244067183600659,https://www.instagram.com/p/DV0sdBTgBnz/,https://www.facebook.com/135447683885686_1431972632277505,18099055306767050,SHARE
[26.04]F_V_P망_전환_망요파출시_네고형_협상네고형_main.릴스_공통.X_1C_고가영_260418_1T_조의진,8229878,120245304598540659,https://www.instagram.com/p/DXPOoAeAAKl/,https://www.facebook.com/135447683885686_1463454902462611,18092588168156866,VIDEO
(운영X) [26.06]F_I_JD멜_전환_쫀득바출시이벤트_혜택강조형__.배너_실수상황극대화.페르소나.직원실수.안내문.편의점단독입점.가격실수안내.__김유진_260604_빙과_오형선,8047356,120248611712900659,https://www.instagram.com/p/DZKUiAXAHLf/,https://www.facebook.com/135447683885686_1508788077929293,18043485656625955,SHARE
[26.04]F_V_P복_전환_망요파출시_네고형_관계성네고형_var2.릴스_진짜복숭아.X_1C_박지연_260424_1T_조의진,7709320,120245693331330659,https://www.instagram.com/p/DXg6r0uAOOW/,https://www.facebook.com/135447683885686_1469810998493668,17895708354442284,VIDEO
[26.03]F_I_P초_전환_상시_혜택강조형_혜택.100_.배너_혜택O.비용재해석.내일부터.정가.개당100원_확장_문선정_260313_1셀_오형선,7283167,120243677610460659,https://www.instagram.com/p/DV0sdB2AKRC/,https://www.facebook.com/135447683885686_1431972612277507,18115775767725117,SHARE
(운영X) [26.06]F_I_JD멜_전환_쫀득바출시_혜택강조형_희소성_.배너_판매중단.후숙된찐한멜론맛그대로.공지문.현장감.__문선정_260612_빙과_오형선,7086912,120249186068560659,https://www.instagram.com/p/DZe_jy1gEKM/,https://www.facebook.com/135447683885686_1516569347151166,17997429881970522,SHARE
(운영X) [26.06]F_V_JD멜_전환_쫀득바출시_기타_AI활용형_var6.릴스_달리기.멜쫀바.최저가.X_1P_이석영_260605_빙과_함주현,6937347,120248737630700659,https://www.instagram.com/p/DZOmKxjgLO-/,https://www.facebook.com/135447683885686_1510571817750919,18137889874477188,VIDEO
(운영X) [26.05]F_I_JD멜_전환_쫀득바출시_혜택강조형_제품력.50_.배너_브팀기획.멜론계최상위.마지막0원_확장_김유진_260521_1셀_오형선,6848324,120247508955390659,https://www.instagram.com/p/DY1L3MrALS8/,https://www.facebook.com/135447683885686_1500726012068833,18103396126966047,SHARE
[26.05]F_V_P애_전환_셔벗리뉴얼특가_맛인지형_먹스타형_var1.릴스_대왕비얀코.X_2C_이재원_260512_2T_김지연,6648061,120246828285170659,https://www.instagram.com/p/DYOwEvYAJ-_/,https://www.facebook.com/135447683885686_1486382373503197,17871789000656273,VIDEO
[26.04]F_I_P망_전환_망요파출시_혜택강조형_혜택.100_.배너_혜택O.예외적할인상황.가격인상.전쟁.마지막100원_확장_고가영_260414_1셀_오형선,6624480,120245144536160659,https://www.instagram.com/p/DXG4IDJAN-t/,https://www.facebook.com/135447683885686_1460426312765470,17983614593985571,SHARE
[26.03]F_V_P복_전환_복요파출시_기타_홍게BP_var1.릴스_입사3개월.03_00_전시은_260306_1T_이미진,6515830,120243374497770659,https://www.instagram.com/p/DViRprCAMz1/,https://www.facebook.com/135447683885686_1425943526213749,17911816434343168,VIDEO
[26.04]F_V_P망_전환_망요파출시_원가강조형_미틀리에BP_main.릴스_전쟁통.망빙.X_1C_고가영_260410_1T_조의진,6399404,120244975136390659,https://www.instagram.com/p/DXLSq5zgKSt/,https://www.facebook.com/135447683885686_1461955025945932,18061333445411030,VIDEO
[26.03]F_V_P초_전환_복요파출시_기타_일상반응형_var1.릴스_초등생.POV100원.02_00_문선정_260327_1T_이봄1,6357341,120244272688410659,https://www.instagram.com/p/DWY6hCvADzt/,https://www.facebook.com/101306252954179_790349604141060,17883793392472728,VIDEO
[26.05]F_V_P혼_전환_파인트990원_원데이건_골라담기BP_var3.릴스_맛.인트로.재원PJ1_1C_연시온_260515_1T_연시온,5986531,120247085571430659,https://www.instagram.com/p/DYWW9pegKKF/,https://www.facebook.com/135447683885686_1489374179870683,17938061985234840,VIDEO
[26.04]F_I_P망_전환_망요파출시_혜택강조형_혜택.100_.배너_혜택O.고효율.진짜망고.사과문.원가.비싼_확장_고가영_260403_1셀_김민우,5897273,120244677582340659,https://www.instagram.com/p/DWqq3QegIVP/,https://www.facebook.com/135447683885686_1451046897036745,18072325919235212,SHARE
[26.04]F_I_P혼_전환_상시_혜택강조형_혜택.100_.릴스_혜택O.쟁임혜택형.990원.마팀기획.네고형.내일정가로돌아갑니다.무제한990원_확장_문선정_260428_1셀_김민우,5753714,120245958353620659,https://www.instagram.com/p/DXq9q3IAI-g/,https://www.facebook.com/135447683885686_1473460701462031,17923693827309550,VIDEO
[26.06]F_V_JD멜_전환_쫀득바출시_원가강조형_미틀리에BP_main.릴스_공통.X_2P_김유진_260605_빙과_조의진,5646002,120248737399770659,https://www.instagram.com/p/DZOmKXUgNml/,https://www.facebook.com/135447683885686_1510571691084265,17899159767463169,VIDEO
[26.07]F_V_P말_전환_말차재입고_네고형_CS전화네고형_var1.릴스_CS부장님.7월.수민PJ_1P_영상팀_260703_빙과_이수민,5476118,120250486837860659,https://www.instagram.com/p/DaU1pBTgJy9/,https://www.facebook.com/135447683885686_1536264301848337,18022099742848192,VIDEO
[26.05]F_I_혼합_전환_상시_혜택강조형_혜택.100_.배너_혜택O.현장감.안내문.긴급공지.혼합_확장_박지연_260528_1셀_홍정민,5156793,120248017293700659,https://www.instagram.com/p/DY4RDLWgB2-/,https://www.facebook.com/135447683885686_1501889461952488,18111781033860700,SHARE
[26.03]F_V_BA망_전환_망요바출시_네고형_역네고형_main.릴스_공통.03_00_안예빈_260327_2T_조의진,4602922,120244412616970659,https://www.instagram.com/p/DWgZY4ggN-a/,https://www.facebook.com/135447683885686_1447285957412839,18073046282207099,VIDEO
[26.03]F_I_P복_전환_복요파출시_혜택강조형_혜택.100_.배너_혜택O.비용재해석.찐복숭아.듬뿍.원가상승.100원_확장_문선정_260312_1셀_김민우,4548030,120243630851640659,https://www.instagram.com/p/DVx1dMbAP9L/,https://www.facebook.com/135447683885686_1430962519045183,18567316783037492,SHARE
[26.05]F_V_P우_전환_파인제로바출시_네고형_CS전화네고형_main.릴스_공통.X_2C_안예빈_260430_2T_김지연,4536480,120246066219010659,https://www.instagram.com/p/DXv1ogCgIsi/,https://www.facebook.com/135447683885686_1475311831276918,18097948469046055,VIDEO
[26.06]F_V_JD멜_전환_쫀득바출시_맛인지형_우베BP_var2.릴스_쫀득.X_2P_김유진_260605_빙과_김지연,4524384,120248737492450659,https://www.instagram.com/p/DZOmLVsgDkc/,https://www.facebook.com/413028192784665_1606398478162856,17864939661689400,VIDEO
[26.03]F_I_P초_전환_상시_혜택강조형_혜택.100_.배너_대세감.딱100원.정상가_확장_문선정_260306_1셀_김민우,4488464,120243383447070659,https://www.instagram.com/p/DViiEeEgGYN/,https://www.facebook.com/135447683885686_1426034602871308,18013399391671590,SHARE
[26.05]F_V_P혼_전환_파인트990원_인플루언서형_인플루언서형_main.릴스_본론.X_1C_고가영_260515_1T_이봄1,4445151,120247079792860659,https://www.instagram.com/p/DYWzY2vAIPf/,https://www.facebook.com/413028192784665_1584886253647412,18083998619531453,VIDEO
[26.05]F_V_JD멜_전환_쫀득바출시_인플루언서형_인플루언서형_var1.릴스_예예.현경PJ1_2C_안예빈_260522_2T_노현경,4360356,120247520387690659,https://www.instagram.com/p/DY1MGeegIbS/,https://www.facebook.com/413028192784665_1596173559185348,18101585423152336,VIDEO
[26.06]F_V_JD멜_전환_쫀득바출시_네고형_전화네고형_var1.릴스_쫀득강조.X_1P_김유진_260605_빙과_이수민,4289639,120248737521860659,https://www.instagram.com/p/DZOmK39gO1c/,https://www.facebook.com/135447683885686_1510571777750923,17900785344447940,VIDEO
[26.05]F_V_JD망_전환_쫀득바출시_네고형_네고형_var4.릴스_예예.2중식감.취식.재은PJ1_2C_김바다_260515_2T_피재은,4249311,120247073505680659,https://www.instagram.com/p/DYWpkWIAP1D/,https://www.facebook.com/135447683885686_1489508116523956,17964707897924831,VIDEO
[25.11]F_V_P복_전환_복요파출시_취식강조형_ASMR_main.릴스_토핑+혜택._2511KR0_안예빈_251128_2T_신지우,4234169,120239114826540659,https://www.instagram.com/p/DRmG74DAO6P/,https://www.facebook.com/413028192784665_1427718276030878,18087524128982390,VIDEO
[26.05]F_I_DB딸_전환_듬뿍바출시이벤트_혜택강조형_혜택.100_.배너_브팀기획.맛강조.비주얼온리.4분할_확장_허재희_260514_1셀_오형선,4161974,120247049799030659,https://www.instagram.com/p/DYVzgrKALup/,https://www.facebook.com/135447683885686_1489172659890835,17894359683329855,SHARE
[26.04]F_V_P망_전환_망요파출시_쩜오건_규모감_var2.릴스_안아망고부어.재원PJ1_1C_이봄_260410_1T_이봄1,4023194,120244959693290659,https://www.instagram.com/p/DW8PkYkAMUD/,https://www.facebook.com/413028192784665_1551701216965916,18072461297252516,VIDEO
[26.05]F_V_JD멜_전환_쫀득바출시_제조과정형_CS제조과정형_main.릴스_전화.현경PJ1_2C_김유진_260522_2T_유영현,3999477,120247509239430659,https://www.instagram.com/p/DY1M1ICgA4S/,https://www.facebook.com/135447683885686_1500733992068035,18091757417206795,VIDEO
[26.04]F_I_P치_전환_상시_혜택강조형_혜택.100_.배너_혜택O.전쟁.판매중단.현장감.표_확장_고가영_260420_1셀_홍정민,3969768,120245431900820659,https://www.instagram.com/p/DXWV5f2AIhD/,https://www.facebook.com/135447683885686_1465767888897979,18081108617379006,SHARE
[26.04]F_V_P망_전환_망요파출시_네고형_기본네고_var3.릴스_취식강조.X_1C_고가영_260403_1T_김진수,3797915,120244673147930659,https://www.instagram.com/p/DWqnqzfgBy9/,https://www.facebook.com/135447683885686_1451009083707193,17987680703795452,VIDEO
[26.04]F_I_P망_전환_망요파출시_직원설득형_혜택.100_.배너_혜택O.예외적할인상황.가격인상.전쟁.공지문.입고중단안내_확장_고가영_260416_1셀_오형선,3723654,120245268601070659,https://www.instagram.com/p/DXMFesvAEiG/,https://www.facebook.com/135447683885686_1462301812577920,18193062583318045,SHARE
[26.05]F_V_P망_전환_망요파출시_네고형_역네고형_var2.릴스_한정성강조.X_1C_고가영_260501_1T_김진수,3665950,120246076470920659,https://www.instagram.com/p/DXwFTb4gFdM/,https://www.facebook.com/135447683885686_1475500194591415,18101317846812313,VIDEO
[26.05]F_V_P망_전환_망요파출시_파트너십광고_먹스타_먹중사,3661561,120247080715510659,https://www.instagram.com/p/DYW8AibADnv/,https://www.facebook.com/101774766201169_2102025357022590,18210632470335759,VIDEO
[26.05]F_V_P혼_전환_셔벗리뉴얼특가_고객후기형_고객후기형_main.렉카_메시지테스트.배너1.X_3C_고가영_260529_3T_이수민,3659969,120248108174170659,https://www.instagram.com/p/DY6hOUEAAnB/,https://www.facebook.com/135447683885686_1502697578538343,18105632345476816,VIDEO
[26.05]F_I_P혼_전환_상시_혜택강조형_혜택.100_.배너_혜택O.제가졌습니다.혼합_확장_고가영_260520_1셀_홍정민,3572898,120247389173910659,https://www.instagram.com/p/DY3NsUsAD8T/,https://www.facebook.com/135447683885686_1501492911992143,18170480989422470,SHARE
[26.04]F_I_P혼_전환_파인트990원_혜택강조형_혜택.100_.릴스_혜택O.쟁임혜택형.한정성강조.예외적할인.여름맞이.무제한990원_확장_문선정_260429_1셀_김민우,3527695,120246011335720659,https://www.instagram.com/p/DXtijY_AHeT/,https://www.facebook.com/135447683885686_1474351544706280,17963160834100644,VIDEO
[26.04]F_V_P초_전환_망요파출시_네고형_짝퉁피해_main.릴스_해외대세감.X_4C_문선정_260424_1T_윤성미,3511430,120245692351730659,https://www.instagram.com/p/DXg6HpQgFxp/,https://www.facebook.com/135447683885686_1469805768494191,18451973743128034,VIDEO
[26.05]F_I_DB딸_전환_듬뿍바출시이벤트_혜택강조형_혜택.100_.배너_마팀기획.식감강조.생딸기라떼급_확장_허재희_260514_1셀_오형선,3494434,120247011533580659,https://www.instagram.com/p/DYVwrZ9gIJa/,https://www.facebook.com/135447683885686_1489143666560401,18104546038971278,SHARE
[26.02]F_I_P초_전환_상시_혜택강조형_혜택.100_.배너_대세감.가격변동.내일더비싸집니다_확장_문선정_260227_아이스크림셀_김민우,3482164,120243059480190659,https://www.instagram.com/p/DVQUudfgFZh/,https://www.facebook.com/135447683885686_1419960976812004,18093902036315533,SHARE
[26.06]F_I_JD멜_전환_쫀득바출시_직원설득형__.배너_고효율.가격실수안내.__문선정_260625_빙과_오형선,3470501,120250087539300659,https://www.instagram.com/p/DaCEYOsAXUL/,https://www.facebook.com/135447683885686_1529387532536014,17956869519168544,SHARE
[26.04]F_I_P치_전환_망요파출시_직원설득형_혜택.100_.배너_혜택O.내부공지.맛테.바스크.꾸덕.치즈큐브.듬뿍.오늘100원_확장_이석영_260410_1셀_김민우,3330798,120244974855280659,https://www.instagram.com/p/DW8xSt0gMKI/,https://www.facebook.com/135447683885686_1457205306420904,18215457181318592,SHARE
[26.04]F_V_P망_전환_망요파출시_원가강조형_미틀리에BP_var1.릴스_전쟁통.요아정.X_1C_고가영_260410_1T_조의진,3303352,120244980201250659,https://www.instagram.com/p/DXLS16YAFQm/,https://www.facebook.com/135447683885686_1461956092612492,18347924323208295,VIDEO
[26.03]F_I_P우_전환_상시_혜택강조형_혜택.100_.배너_대세감.딱100원.비싸져_확장_문선정_260306_1셀_김민우,3284320,120243383447060659,https://www.instagram.com/p/DViiEqogAFr/,https://www.facebook.com/135447683885686_1426034632871305,17877559374521759,SHARE
[26.06]F_V_DB딸_전환_듬뿍바출시이벤트_네고형_관계성네고형_var3.릴스_혜택.진수.6월.수민PJ_2P_박지연_260619_빙과_조의진,3209040,120249614794560659,https://www.instagram.com/p/DZw_nhzAp8K/,https://www.facebook.com/135447683885686_1523194709821963,17932884864277735,VIDEO
[26.06]F_I_JD멜_전환_쫀득바출시이벤트_혜택강조형__.배너_공급자손해.지금이젤싸요.__김유진_260604_빙과_오형선,3204598,120248609892620659,https://www.instagram.com/p/DZ7a98Yg4iT/,https://www.facebook.com/135447683885686_1527022182772549,17912671242224356,SHARE
[26.05]F_V_P혼_전환_파인트990원_네고형_CS전화네고형_var1.릴스_취식.X_1C_윤성미_260515_1T_윤성미,3142479,120247062496160659,https://www.instagram.com/p/DYWRByGAEHq/,https://www.facebook.com/135447683885686_1489338063207628,17884116891556465,VIDEO
[26.05]F_V_P혼_전환_파인트990원_인플루언서형_인플루언서형_var3.릴스_알고리즘.X_1C_고가영_260515_1T_이봄1,3134368,120247080127650659,https://www.instagram.com/p/DYWzWqWgGat/,https://www.facebook.com/413028192784665_1584886233647414,18094456967335170,VIDEO
[26.05]F_I_JD멜_전환_쫀득바출시_혜택강조형_제품력.50_.배너_브팀기획.노을멜론.1년에딱한달만.공지문.안내문.가격인사.현장감_확장_김유진_260521_1셀_오형선,3106690,120247508954460659,,https://www.facebook.com/135447683885686_1500735142067920,18086647745381390,SHARE
[26.02]F_I_P요_전환_복요파출시_혜택강조형_혜택.100_.배너_혜택O.고효율.설날.내일종료.함께.생요파_확장_김나현_260212_콘텐츠2_김나현,3023669,120242334202380659,https://www.instagram.com/p/DUp9-lfADlQ/,https://www.facebook.com/135447683885686_1406331768174925,18098889632499121,SHARE
[26.04]F_I_P혼_전환_파인트990원_혜택강조형_혜택.100_.배너_혜택O.쟁임혜택형.혜택강조.예외적할인.여름맞이.저당파인트8종.몇개를.더담든_확장_문선정_260429_1셀_김수정,2852482,120246011498520659,https://www.instagram.com/p/DXtjMwwABLR/,https://www.facebook.com/135447683885686_1474358388038929,17998961276925956,SHARE
[26.03]F_V_BA망_전환_망요바출시_손해상황강조형_미틀리에BP_var1.릴스_원가후킹.03_00_안예빈_260327_2T_강경연,2819090,120244412617060659,,https://www.facebook.com/135447683885686_1447286214079480,18076127105564355,VIDEO
[26.05]F_V_P혼_전환_파인트990원_네고형_소비자보이스극대화_var1.릴스_악플읽기.X_1C_고가영_260508_1T_김진수,2804916,120246586512710659,https://www.instagram.com/p/DYEhKD3AFW7/,https://www.facebook.com/135447683885686_1482619280546173,18081704903127650,VIDEO
[26.04]F_V_P망_전환_망요파출시_네고형_전화네고_var5.릴스_취식1.X_1C_고가영_260403_1T_조의진,2763055,120244676664060659,https://www.instagram.com/p/DWqoHzwAJs7/,https://www.facebook.com/135447683885686_1451013770373391,18343428526212252,VIDEO
[26.04]F_V_BA망_전환_망요바출시_고객후기형_한끼통살BP_main.릴스_공통.민석PJ2_2C_허재희_260415_2T_김지연,2742124,120245189644180659,https://www.instagram.com/p/DXJUA5rAMFb/,https://www.facebook.com/100529372489346_979428054618206,18109220131842548,VIDEO
[26.05]F_I_P혼_전환_파인트990원_혜택강조형_혜택.100_.배너_혜택O.쟁임혜택형.혜택강조.예외적할인.여름맞이.990원에쟁이세요_확장_문선정_260504_1셀_김수정,2721511,120246361784200659,https://www.instagram.com/p/DX6gGO2gC9I/,https://www.facebook.com/135447683885686_1479087127566055,18167189665421927,SHARE
[26.06]F_V_JD멜_전환_쫀득바출시_신규BP_농부대첩BP_var4.릴스_OEM.X_2P_김유진_260626_빙과_노현경,2717390,120250111831550659,https://www.instagram.com/p/DaC9SafgZ2N/,https://www.facebook.com/135447683885686_1529716782503089,17887815939590816,VIDEO
[26.07]F_V_P말_전환_말차재입고_원가강조형_미틀리에BP_var1.릴스_죄송합니다.X_2P_손유곤_260703_빙과_노현경,2706300,120250486402650659,https://www.instagram.com/p/DaU0vofA47z/,https://www.facebook.com/135447683885686_1536258051848962,18100041695463061,VIDEO
[26.02]F_V_P복_전환_복요파출시_네고형_전화네고형_var1.릴스_패키지.03_11_전시은_260213_1T_이봄1,2689156,120242357786030659,https://www.instagram.com/p/DUsIoH8AJQK/,https://www.facebook.com/135447683885686_1407090964765672,17876154489484276,VIDEO
[26.05]F_I_P혼_전환_상시_혜택강조형_혜택.100_.릴스_혜택O.네고형.내일.정상가.현장감.개당100원_확장_고가영_260527_1셀_김민우,2668744,120247931263480659,https://www.instagram.com/p/DY192h4gBYL/,https://www.facebook.com/135447683885686_1501038368704264,18106089653056885,VIDEO
(운영X) [26.06]F_I_DB딸_전환_듬뿍바출시이벤트_혜택강조형__.배너_가격비교.카페스무디1잔먹을가격에한달내내.판매중단강조.가격인상안내.현장감.내부유출.원가부터비싼제철딸기.__고가영_260605_빙과_오형선,2656157,120248708296970659,https://www.instagram.com/p/DZOxkN1AJrR/,https://www.facebook.com/135447683885686_1510651061076328,18065663516436098,SHARE
[26.04]F_V_P초_전환_망요파출시_네고형_협박네고형_var5.릴스_취식.5분전.X_2C_문선정_260403_2T_유영현,2621228,120244678676860659,https://www.instagram.com/p/DWqtbfdgCjF/,https://www.facebook.com/135447683885686_1451079580366810,18085101854593259,VIDEO
[26.06]F_V_JD멜_전환_쫀득바출시_기타_안다르BP_main.릴스_규모감.에르메스.X_2P_문선정_260612_빙과_김지연,2579029,120249185223200659,https://www.instagram.com/p/DZe71ZnAIOi/,https://www.facebook.com/135447683885686_1516534110488023,18080381462230051,VIDEO
[26.05]F_V_P혼_전환_파인트990원_네고형_소비자보이스극대화_var2.릴스_뺨후킹.X_1C_고가영_260508_1T_김진수,2567381,120246586028270659,https://www.instagram.com/p/DYEhMS5ABma/,https://www.facebook.com/135447683885686_1482619303879504,18008442434715681,VIDEO
[26.05]F_V_P혼_전환_파인트990원_인플루언서형_인플루언서형_var2.릴스_맛.X_1C_고가영_260515_1T_이봄1,2469957,120247312040950659,https://www.instagram.com/p/DYWzXcNgP7s/,https://www.facebook.com/413028192784665_1584886260314078,18073352174424066,VIDEO
[26.05]F_V_P혼_전환_파인트990원_원데이건_혜택강조형_main.릴스_990원.재원PJ1_1C_조의진_260501_1T_조의진,2459386,120246082418750659,https://www.instagram.com/p/DXwRFsigFFR/,https://www.facebook.com/135447683885686_1475644321243669,17936231490214443,VIDEO
[26.04]F_I_P혼_전환_파인트990원_혜택강조형_혜택.100_.배너_혜택O.쟁임혜택형.혜택강조.예외적할인.여름맞이.무제한990원.개당990원최저가_확장_문선정_260430_1셀_김수정,2446583,120246077701020659,https://www.instagram.com/p/DXwH42QgJYL/,https://www.facebook.com/135447683885686_1475545147920253,18098331359516200,SHARE
[26.05]F_V_P혼_전환_파인트990원_원데이건_직원리뷰형_var1.릴스_맛비주얼후킹.재원PJ1_1C_이봄_260501_1T_이봄1,2444643,120246026007150659,https://www.instagram.com/p/DXson8FAGaf/,https://www.facebook.com/135447683885686_1474039574737477,18225911827313404,VIDEO
[26.06]F_I_P혼_전환_파인트990원_직원설득형__.배너_판매중단위기.대세감.수량제한.여름한정판매.최대5개990원.__박지연_260604_빙과_김민우,2420304,120248609802120659,https://www.instagram.com/p/DZKQlpJAHOw/,https://www.facebook.com/135447683885686_1508764244598343,18321902671281324,SHARE
[26.03]F_I_P초_전환_상시_혜택강조형_혜택.100_.배너_혜택O.신규.쫀득.젤라또.쫀쫀.내일.99%_확장_문선정_260313_1셀_김민우,2396076,120244067047250659,https://www.instagram.com/p/DXLSoZIgAYU/,https://www.facebook.com/135447683885686_1461954642612637,18102657110293967,SHARE
[26.06]F_I_P혼_전환_상시_혜택강조형__.배너_고효율.이제다시는없습니다.__손유곤_260626_빙과_김민우,2380026,120250121368260659,https://www.instagram.com/p/DaC9ndTg1oT/,https://www.facebook.com/135447683885686_1529719802502787,18146840803514157,SHARE
[26.05]F_V_JD망_전환_쫀득바출시_네고형_네고형_var3.릴스_신상명분.X_2C_김바다_260508_2T_이수현,2363219,120246568714740659,https://www.instagram.com/p/DYD-bKFgPHl/,https://www.facebook.com/135447683885686_1482410807233687,18072130802662136,VIDEO
[26.05]F_I_JD멜_전환_쫀득바출시_혜택강조형_제품력.50_.배너_브팀기획.노을멜론.멜론계에르메스.내일종료됩니다_확장_김유진_260521_1셀_오형선,2303022,120247508951130659,,https://www.facebook.com/135447683885686_1500730635401704,17861607654633011,SHARE
[26.05]F_V_P혼_전환_파인트990원_원데이건_직원리뷰형_main.릴스_BP대로.미진.재원PJ2_1C_이봄_260501_1T_이봄1,2292671,120245997257740659,https://www.instagram.com/p/DXtOkxKgMcC/,https://www.facebook.com/135447683885686_1474237851384316,18432613654141010,VIDEO
[26.06]F_V_JD멜_전환_상시_인플루언서형_인플루언서형.전환_main.릴스_공통.X_1P_문선정_260619_빙과_이수민,2254345,120249788680340659,https://www.instagram.com/p/DZ4pbd5Ai3_/,https://www.facebook.com/135447683885686_1525922049549229,18098861711596340,VIDEO
[26.04]F_I_P망_전환_망요파출시_직원설득형_혜택.100_.배너_혜택O.고효율.사과문.가격실수.고급호텔급_확장_고가영_260406_1셀_김민우,2213186,120244780616030659,https://www.instagram.com/p/DWyBUurAB2X/,https://www.facebook.com/135447683885686_1453451930129575,18118652365630305,SHARE
[26.06]F_V_JD멜_전환_쫀득바출시_신규BP_농부대첩BP_var1.릴스_할인명분.X_2P_김유진_260626_빙과_노현경,2196554,120250111782470659,https://www.instagram.com/p/DaCxTciAxgB/,https://www.facebook.com/135447683885686_1529632755844825,18113101826487219,VIDEO
[26.04]F_I_P초_전환_망요파출시_직원설득형_혜택.100_.배너_혜택O.예외적할인상황.가격인상.전쟁.공지문.재입고없음_확장_문선정_260416_1셀_오형선,2123835,120245247029620659,https://www.instagram.com/p/DXMGNt-gBDY/,https://www.facebook.com/135447683885686_1462309902577111,17995586609931235,SHARE
[26.04]F_I_P망_전환_망요파출시_혜택강조형_혜택.100_.배너_혜택O.예외적할인상황.판매중단.가격인상.원가상승.전쟁.100원.쟁임.네고할인_확장_고가영_260423_1셀_김민우,2102872,120245610120050659,https://www.instagram.com/p/DXd9yogjB-q/,https://www.facebook.com/135447683885686_1468577331950368,18123034351715712,SHARE
[26.04]F_I_P망_전환_망요파출시_직원설득형_혜택.100_.배너_혜택O.예외적할인상황.가격인상.전쟁.원가상승.모니터.당분간할인없을예정_확장_고가영_260417_1셀_김민우,2097809,120245294115550659,https://www.instagram.com/p/DXO05eAgJ3V/,https://www.facebook.com/135447683885686_1463281282479973,18096542840040315,SHARE
[26.05]F_V_JD멜_전환_쫀득바출시_네고형_네고형_var5.릴스_취식강조.현경PJ1_2C_김유진_260522_2T_이수현,2057022,120247509338160659,https://www.instagram.com/p/DY1MDM7AOlr/,https://www.facebook.com/135447683885686_1500727688735332,18068428238692262,VIDEO
[26.03]F_V_P초_전환_복요파출시_네고형_전라도청년BP_main.릴스_초코파책상.03_00_전시은_260313_1T_이봄1,2052984,120243700131530659,https://www.instagram.com/p/DV11JW1gMjt/,https://www.facebook.com/413028192784665_1525418062927565,18061088153358288,VIDEO
[26.04]F_I_BA망_전환_망요바출시_직원설득형_혜택.100_.배너_혜택O.예외적할인상황.전쟁.가격인상.원가상승.공지문.입고중단안내_확장_김유진_260421_1셀_홍정민,2040542,120245478198810659,https://www.instagram.com/p/DXY06xCDBjt/,https://www.facebook.com/135447683885686_1466710125470422,18119753878712097,SHARE
[26.06]F_I_JD멜_전환_쫀득바출시_혜택강조형__.릴스_AI캐릭터.이득강조.희소성.특가.곧끝나요.__문선정_260625_빙과_오형선,2015535,120250054950350659,https://www.instagram.com/p/DaARLgZg5Ht/,https://www.facebook.com/135447683885686_1528719779269456,18101224454150390,VIDEO
[26.03]F_I_P우_전환_복요파출시_제품강조형_제품력.50_.배너_혜택O.고효율.공구.인플루언서.제품_확장_문선정_260317_1셀_김민우,2000097,120244067252900659,https://www.instagram.com/p/DV-_zIRgPfS/,https://www.facebook.com/135447683885686_1435295528611882,18092826458030498,SHARE
[26.07]F_V_JD멜_전환_쫀득바출시_네고형_관계성네고형_main.릴스_본론.X_1P_김유진_260703_빙과_강다빈,1990409,120250488631230659,https://www.instagram.com/p/DaU6PIFglzM/,https://www.facebook.com/135447683885686_1536292581845509,18095141080992926,VIDEO
[26.04]F_V_P망_전환_망요파출시_네고형_책상네고형_var1.릴스_소비자맛비주얼.(재)_1C_고가영_260414_1T_이미진,1973681,120245142769430659,https://www.instagram.com/p/DXG0xuIgMeY/,https://www.facebook.com/135447683885686_1460390972769004,18079718987626649,VIDEO
[26.05]F_I_혼합_전환_골라담기_혜택강조형_혜택.100_.배너_마팀기획.과일시즌성.겨울시즌종료임박.오늘끝나면안녕.딸듬바_확장_황경원_260522_1셀_오형선,1973407,120247574597110659,https://www.instagram.com/p/DYpMquVABTW/,https://www.facebook.com/135447683885686_1496553139152787,18096243977335532,SHARE
[26.04]F_V_P망_전환_망요파출시_제조과정형_꼬막BP_var2.릴스_한정성맛.X_1C_고가영_260403_1T_이미진,1943363,120244675616660659,https://www.instagram.com/p/DWqj6vpAAkj/,https://www.facebook.com/135447683885686_1450971260377642,18084189356357372,VIDEO
[26.05]F_V_JD멜_전환_쫀득바출시_네고형_공구네고형_var4.릴스_에르메스.진수.X_2C_김유진_260529_2T_피재은,1882583,120248126836660659,https://www.instagram.com/p/DY634bkgAVT/,https://www.facebook.com/135198523002173_122330385308034277,17974023909052639,VIDEO
[26.04]F_V_P초_전환_망요파출시_네고형_짝퉁피해_var2.릴스_망했어요.X_4C_문선정_260424_1T_윤성미,1881194,120245690235270659,https://www.instagram.com/p/DXg14vwAJ4j/,https://www.facebook.com/135447683885686_1469775071830594,18176271415399965,VIDEO
[26.06]F_I_JD망_전환_쫀득바출시_혜택강조형__.배너_.품절대란.국내최초망고젤리아이스크림.__김유진_260622_빙과_홍정민,1866627,120249836592450659,https://www.instagram.com/p/DZ6X50vgS1s/,https://www.facebook.com/135447683885686_1526592032815564,17944360887235457,SHARE
[26.04]F_V_BA망_전환_망요바출시_네고형_네고형_var3.릴스_혜택.형민.형민PJ1_3C_안예빈_260424_3T_이수민,1845259,120245665444630659,https://www.instagram.com/p/DXgP3fKAPa9/,https://www.facebook.com/135447683885686_1469518858522882,17883610128534561,VIDEO
[26.04]F_V_P망_전환_망요파출시_네고형_기본네고_var2.릴스_추격전.X_1C_고가영_260403_1T_김진수,1798711,120244678646120659,https://www.instagram.com/p/DWqtejCAAS1/,https://www.facebook.com/135447683885686_1451078587033576,18049881665720526,SHARE
[26.03]F_I_P복_전환_상시_혜택강조형_혜택.100_.배너_혜택O.신규.마진포기.진짜마지막으로드리는100원.맛패키지_확장_전시은_260306_1셀_오형선,1774652,120243375363990659,https://www.instagram.com/p/DViUP7-gPbs/,https://www.facebook.com/135447683885686_1425959236212178,17906425524362505,SHARE
[26.05]F_I_P혼_전환_파인트990원_혜택강조형_혜택.100_.배너_혜택O.쟁임혜택형.예외적할인.공고문.가격오류.직원실수.현장감.표.전제품무제한_확장_문선정_260506_1셀_김민우,1759578,120246477498900659,https://www.instagram.com/p/DX_qbwCAGWe/,https://www.facebook.com/135447683885686_1480838040724297,18005730716731812,SHARE
[26.05]F_V_P바_전환_상시_네고형_네고형_main.릴스_이사님.X_2C_안예빈_260508_2T_유영현,1753790,120246574321960659,https://www.instagram.com/p/DYEPfNLgN9V/,https://www.facebook.com/135447683885686_1482508300557271,17961419034082904,VIDEO
[26.06]F_V_JD망_전환_쫀득바출시_맛인지형_우베BP_var2.릴스_혜택.2종노출.진수.6월.수민PJ_2P_문선정_260619_빙과_김지연,1746186,120249790309380659,https://www.instagram.com/p/DZ4sduUgYpa/,https://www.facebook.com/135447683885686_1525945519546882,18104178644084160,VIDEO
[26.02]F_I_P복_전환_상시_혜택강조형_혜택.100_.배너_대세감.가격변동.드디어수량풀렸습니다_확장_문선정_260227_아이스크림셀_김민우,1741236,120243059624140659,https://www.instagram.com/p/DVQVdRCgHdf/,https://www.facebook.com/135447683885686_1419967606811341,18074439848129457,SHARE
[26.02]F_I_P복_전환_상시_혜택강조형_혜택.100_.배너_대세감.가격변동.내일더비싸집니다_확장_전시은_260227_아이스크림셀_김민우,1715992,120243060270360659,https://www.instagram.com/p/DVQVdIaAAZC/,https://www.facebook.com/135447683885686_1419967590144676,18089076116125787,SHARE
[26.03]F_I_P초_전환_복요파출시_제품강조형_제품력.50_.배너_혜택O.고효율.쟁임.원재료인상.정상가로돌아갑니다_확장_문선정_260317_1셀_김민우,1712147,120243817557740659,https://www.instagram.com/p/DV-xNuyALx7/,https://www.facebook.com/135447683885686_1435199581954810,17922699435099347,SHARE
[26.04]F_V_P망_전환_망요파출시_손해상황강조형_유인맨즈BP_var4.릴스_전쟁.X_1C_고가영_260424_1T_김진수,1706176,120245675304280659,https://www.instagram.com/p/DXglvwqgKDs/,https://www.facebook.com/135447683885686_1469646215176813,18074269325241159,VIDEO
[26.02]F_V_P초_전환_복요파출시_쩜오건_지인네고형_main.릴스_본론.03_00_고가영_260227_1T_강다빈,1691614,120243064552060659,https://www.instagram.com/p/DVQb200gLDr/,https://www.facebook.com/135447683885686_1420014410139994,18155341657428894,VIDEO
[26.06]F_V_JD멜_전환_쫀득바출시_네고형_네고형_var3.릴스_4만원.할인.X_1P_문선정_260619_빙과_이수민,1684699,120249787793690659,https://www.instagram.com/p/DZ4puQCglk2/,https://www.facebook.com/135447683885686_1525925072882260,18395641762089778,VIDEO
[26.04]F_I_P망_전환_망요파출시_혜택강조형_혜택.100_.배너_혜택O.쟁임혜택형.가격인상.쟁임.네고할인.오늘까지래요_확장_고가영_260414_1셀_김민우,1683618,120245144536180659,https://www.instagram.com/p/DXG4IQvABZk/,https://www.facebook.com/135447683885686_1460426406098794,18071974160271040,SHARE
[26.06]F_I_P혼_전환_파인트990원_혜택강조형__.배너_안내문.혜택종료.990원증정종료안내.__박지연_260609_빙과_홍정민,1681063,120248936249290659,https://www.instagram.com/p/DZXHN4IgENy/,https://www.facebook.com/135447683885686_1513642137443887,17886979002399234,SHARE
[26.05]F_V_P망_전환_망요파출시_네고형_관계성네고형_var1.릴스_싱글벙글.X_1C_고가영_260515_1T_이미진,1680941,120247073415540659,https://www.instagram.com/p/DYWplPWgNVi/,https://www.facebook.com/135447683885686_1489508689857232,18098697959323099,VIDEO
쟁임혜택형.혜택강조.예외적할인.여름맞이.무제한990원.2026년여름역대급프로모션,1665206,120246078814060659,https://www.instagram.com/p/DXwJAHTgMUB/,https://www.facebook.com/135447683885686_1475554874585947,18339769267171229,VIDEO
[26.06]F_V_JD멜_전환_쫀득바출시_네고형_네고형_var2.릴스_4만원.쫀쫀.X_1P_문선정_260619_빙과_이수민,1626520,120249790738110659,https://www.instagram.com/p/DZ4ohKfgd1p/,https://www.facebook.com/135447683885686_1525913029550131,18098708051147529,VIDEO
[26.03]F_V_P초_전환_복요파출시_네고형_책상네고더빙_var1.릴스_취식.03_00_문선정_260320_1T_김진수,1613676,120243951160750659,https://www.instagram.com/p/DWGnz3_gNAl/,https://www.facebook.com/135447683885686_1437952171679551,17978970378004613,VIDEO
[26.04]F_I_P혼_전환_상시_혜택강조형_혜택.100_.배너_혜택O.쟁임혜택형.990원.마팀기획.네고형.다시는없어요.무제한990원_확장_문선정_260428_1셀_김민우,1598886,120245958353600659,https://www.instagram.com/p/DXq9otpgO9l/,https://www.facebook.com/135447683885686_1473460721462029,18098770046282214,SHARE
[26.04]F_V_P망_전환_망요파출시_네고형_관계성네고형_var2.릴스_지역페르소나.망고.X_1C_고가영_260410_1T_이봄1,1573662,120244978216260659,https://www.instagram.com/p/DW9EzV9gIFv/,https://www.facebook.com/413028192784665_1552050886930949,18578459953013177,VIDEO
(운영X) [26.06]F_I_DB피_전환_듬뿍바출시이벤트_혜택강조형__.배너_판매중단.원재료가격인상.비싼제철과일듬뿍.공지문.일시판매중단예정안내.__고가영_260609_빙과_오형선,1571176,120248934487620659,https://www.instagram.com/p/DZXDqf3gKZ4/,https://www.facebook.com/135447683885686_1513615584113209,18015374852702785,SHARE
[26.05]F_I_P혼_전환_상시_혜택강조형_혜택.100_.배너_혜택O.쟁임혜택형.혜택강조.예외적할인.한정기회.대신이번주만무제한990원_확장_고가영_260512_1셀_김수정,1548792,120246850531880659,https://www.instagram.com/p/DYO-67agKdI/,https://www.facebook.com/135447683885686_1486507500157351,18072523736662650,SHARE
[26.03]F_I_P혼_전환_상시_혜택강조형_혜택.100_.배너_혜택O.문복희.모션2_확장_최나영_260305_3셀_김나현,1547535,120243379545960659,https://www.instagram.com/p/DViXxYxgAbb/,https://www.facebook.com/279622882680429_1346574184157606,18078252551080544,VIDEO
[26.03]F_V_P초_전환_복요파출시_기타_일상반응형.(재)_var5.릴스_초등생.초등학생실체.02_00_문선정_2603301T_이봄1,1546116,120244404913500659,https://www.instagram.com/p/DWf8mhNAAZG/,https://www.facebook.com/135198523002173_122321931164034277,18013685759681275,VIDEO
[26.05]F_I_P혼_전환_상시_혜택강조형_혜택.100_.배너_혜택O.쟁임혜택형.혜택강조.파인트990원.직원실수형.어제입사한인턴이실수로_확장_고가영_260514_1셀_김수정,1532923,120247012377770659,https://www.instagram.com/p/DYULjM3AIRk/,https://www.facebook.com/135447683885686_1488518059956295,18019931114671638,VIDEO
[26.06]F_I_P애_전환_상시_혜택강조형_안내문_.배너_애플민트.가격인상안내.100.__박지연_260605_빙과_홍정민,1508458,120248675863440659,https://www.instagram.com/p/DZM1jqigJid/,https://www.facebook.com/135447683885686_1509825504492217,18456486283116830,SHARE
[26.06]F_I_P애_전환_상시_혜택강조형__.릴스_맛비주얼영상.지금아니면못봐요.더블비얀코맛.애플셔벗그자체.딱100원.__손유곤_260625_빙과_김민우,1507897,120250088142960659,https://www.instagram.com/p/DaCCScUgboE/,https://www.facebook.com/135447683885686_1529374145870686,18108542362767929,VIDEO
[26.06]F_I_P혼_전환_파인트990원_혜택강조형__.배너_안내문.혜택종료.990원전제품혜택.__박지연_260609_빙과_홍정민,1488881,120248936249270659,https://www.instagram.com/p/DZXHOAoAPuy/,https://www.facebook.com/135447683885686_1513642164110551,18092822603262343,SHARE
[26.06]F_I_JD멜_전환_쫀득바출시_혜택강조형__.릴스_AI영상자동화.AI캐릭터.이득강조.품절풀렸대요.__문선정_260623_빙과_오형선,1481365,120249880779150659,https://www.instagram.com/p/DZ7SSlEgXFn/,https://www.facebook.com/135447683885686_1526967209444713,18065340971477496,VIDEO
(운영X) [26.06]F_I_DB딸_전환_듬뿍바출시이벤트_혜택강조형__.배너_판매중단.공지문.현장감.국제유가불안정.수입산원재료.수급어려움..__고가영_260616_빙과_김민우,1465708,120249421717190659,https://www.instagram.com/p/DZtW-nYAiWS/,https://www.facebook.com/135447683885686_1521792039962230,18088315304434771,SHARE
[26.05]F_V_DB딸_전환_듬뿍바출시이벤트_취식강조형_먹방_main.릴스_딸기주물럭.현경PJ1_2C_허재희_260515_2T_노현경,1435137,120247061034420659,https://www.instagram.com/p/DYWKZekACZ9/,https://www.facebook.com/279622882680429_1402793878535636,18093408497193780,VIDEO
[26.06]F_V_JD멜_전환_쫀득바출시_취식강조형_맛충동_var3.릴스_asmr.X_1P_김유진_260612_빙과_정하얀,1430229,120249186450990659,https://www.instagram.com/p/DZe8AwegCcL/,https://www.facebook.com/135447683885686_1516536260487808,18222543403319870,VIDEO
[26.04]F_V_BA망_전환_망요바출시_네고형_소비자네고형_var3.릴스_혜택강조.X_2C_안예빈_260410_2T_김지연,1427395,120245125608010659,https://www.instagram.com/p/DXGGttfgOlh/,https://www.facebook.com/135447683885686_1460132149461553,18089937832973913,VIDEO
[26.05]F_V_P혼_전환_파인트990원_손해상황강조형_대성축산BP_main.릴스_호기심시작.X_1C_박지연_260515_1T_김진수,1422756,120247073513670659,https://www.instagram.com/p/DYWpuC0AFxy/,https://www.facebook.com/135447683885686_1489509896523778,18101267945474705,VIDEO
[26.03]F_V_P요_전환_복요파출시_쩜오건_네고형_var2.렉카_젤라또.03_00_문선정_260311_1T_강다빈,1418383,120243628371590659,https://www.instagram.com/p/DVx4efaAO2C/,https://www.facebook.com/135447683885686_1431022615705840,17978592188994892,VIDEO
[26.04]F_V_P망_전환_망요파출시_원가강조형_전쟁실체강조_var2.릴스_시의성강조.X_1C_고가영_260417_1T_김진수,1402661,120245289226010659,https://www.instagram.com/p/DXOqJEcgG1O/,https://www.facebook.com/135447683885686_1463191542488947,18319354207283581,VIDEO
[26.06]F_V_JD망_전환_쫀득바출시_맛인지형_꼬막BP_main.릴스_이가격으로.X_1P_김유진_260626_빙과_정하얀,1399971,120250120946720659,https://www.instagram.com/p/DaC8XEFghot/,https://www.facebook.com/135447683885686_1529710635837037,18167733601433954,VIDEO
[26.05]F_V_DB키_전환_듬뿍바출시이벤트_네고형_역네고형_var3.릴스_골든.현경PJ1_2C_허재희_260529_2T_김지연,1391010,120248107740790659,https://www.instagram.com/p/DY6gh9GgJ1s/,https://www.facebook.com/135447683885686_1502692611872173,18067467740698945,VIDEO
(운영X) [26.05]F_I_DB딸_전환_듬뿍바출시이벤트_혜택강조형_혜택.100_.배너_브팀기획.맛강조.연상.설빙생딸기빙수.마지막0원_확장_허재희_260514_1셀_오형선,1383523,120247049511410659,https://www.instagram.com/p/DYVw6QAgHJF/,https://www.facebook.com/135447683885686_1489145806560187,17901699042433949,SHARE
[26.06]F_I_P혼_전환_파인트990원_혜택강조형__.배너_손해심리자극.희소성강조.수량제한.비밀링크.타임특가.죄송합니다없어집니다.990원.__박지연_260610_빙과_김민우,1383398,120249014274360659,https://www.instagram.com/p/DZZoL2XgC3J/,https://www.facebook.com/135447683885686_1514564450684989,18106307539768252,SHARE
[26.05]F_I_JD멜_전환_쫀득바출시_혜택강조형_제품력.50_.배너_마팀기획.노을멜론.1년에딱한달만_확장_김유진_260521_1셀_오형선,1373045,120247503724640659,,https://www.facebook.com/135447683885686_1495979295876838,18593542828009052,SHARE
[26.04]F_I_P망_전환_망요파출시_직원설득형_혜택.100_.배너_혜택O.예외적할인상황.가격인상.전쟁.원가상승.감사공지문.더워지는요즘.3일간_확장_고가영_260413_1셀_김민우,1372489,120245082855280659,https://www.instagram.com/p/DXETXn_AOy6/,https://www.facebook.com/135447683885686_1459563472851754,18004685066910101,SHARE
[26.06]F_V_DB키_전환_듬뿍바출시이벤트_기타_꼬막BP_var2.릴스_제조노력.X_1P_박지연_260612_빙과_강다빈,1369281,120249173543670659,https://www.instagram.com/p/DZewnOoAMA_/,https://www.facebook.com/135447683885686_1516463337161767,18107353693748724,VIDEO
[26.05]F_V_ZB파_전환_파인제로바출시_네고형_네고형_var1.릴스_가격비교.X_2C_이재원_260430_2T_유영현,1369048,120246064607280659,https://www.instagram.com/p/DXvzDJegB5q/,https://www.facebook.com/135447683885686_1475276761280425,18180764701384430,VIDEO
[26.05]F_I_P혼_전환_파인트990원_혜택강조형_혜택.100_.릴스_혜택O.네고형.내일.정상가.현장감.무제한990원_확장_고가영_260527_1셀_김민우,1363997,120247931258180659,https://www.instagram.com/p/DY19VnrAIvC/,https://www.facebook.com/135447683885686_1501035088704592,18126383497627811,VIDEO
[26.03]F_V_P초_전환_복요파출시_네고형_강의네고_var3.릴스_한끼통살BP.02_00_문선정_260320_1T_이미진,1350630,120243947253390659,https://www.instagram.com/p/DWGiATdALok/,https://www.facebook.com/135447683885686_1437893928352042,17986528364794275,VIDEO
[26.07]F_V_P말_전환_말차재입고_네고형_책상네고형_var3.릴스_POV.X_2P_손유곤_260703_빙과_김지연,1299082,120250485749410659,https://www.instagram.com/p/DaUxL2rg2uT/,https://www.facebook.com/135447683885686_1536234035184697,17980664613028889,VIDEO
[26.06]F_I_P오_전환_상시_직원설득형__.배너_희소성.회사내부유출.공지문.품절예상.시중레인보우맛.__손유곤_260625_빙과_김민우,1298647,120250087991130659,https://www.instagram.com/p/DaCD9BcAOfX/,https://www.facebook.com/135447683885686_1529383665869734,18096796643027725,SHARE
[26.03]F_V_P초_전환_복요파출시_네고형_취식책상네고형_var1.릴스_BP대로.03_00_고가영_260306_1T_피재은,1262317,120243414488410659,https://www.instagram.com/p/DVj2k2HAElH/,https://www.facebook.com/135447683885686_1426512889490146,18096610705953983,VIDEO
[25.09]F_V_P요_전환_추석맞이_기타_댓글유도_main.릴스_맨날야근._2509KR5_이석영_251001_1T_서상현,1250402,120235797984920659,https://www.instagram.com/p/DQLzOtoALqY/,https://www.facebook.com/413028192784665_1394407092695330,18171654061371615,VIDEO
[26.05]F_I_JD멜_전환_쫀득바출시_혜택강조형_제품력.50_.배너_마팀기획.칸달로프멜론.일본에서만_확장_김유진_260521_1셀_오형선,1245588,120247503727010659,https://www.instagram.com/p/DYnxucaAJNO/,https://www.facebook.com/135447683885686_1495979319210169,18009179453885027,SHARE
[26.06]F_V_DB피_전환_듬뿍바출시이벤트_네고형_네고형_var3.릴스_페인포인트.X_1P_문선정_260605_빙과_정요한,1226191,120248739078960659,https://www.instagram.com/p/DZOqIcsACHS/,https://www.facebook.com/135447683885686_1510605427747558,18102616370088489,VIDEO
[26.05]F_V_JD망_전환_쫀득바출시_네고형_네고형_var1.릴스_예예.2중식감.맛비주얼.재은PJ1_2C_김바다_260515_2T_피재은,1209038,120247071495210659,https://www.instagram.com/p/DYWpiUjAKYS/,https://www.facebook.com/135447683885686_1489508166523951,18317953885286113,VIDEO
[26.05]F_I_혼합_전환_골라담기_직원설득형_혜택.100_.배너_마팀기획.원가강조형.손해회피형.공지문.사과문.가격인상합니다_확장_황경원_260522_1셀_오형선,1207806,120247567733210659,https://www.instagram.com/p/DY1mKHOAJOA/,https://www.facebook.com/135447683885686_1500879735386794,18053286896742754,SHARE
[26.07]F_V_DB베_전환_듬뿍바출시이벤트_신규BP_썬스틱BP_main.릴스_본론.X_1P_고가영_260703_빙과_이수현,1197646,120250485488740659,https://www.instagram.com/p/DaUvgv5gJjl/,https://www.facebook.com/413028192784665_1634079435394760,18185574040384875,VIDEO
[26.05]F_I_혼합_전환_골라담기_혜택강조형_혜택.100_.배너_마팀기획.더위강조형.여름한정.올해최초얼리썸머골라담기_확장_황경원_260522_1셀_오형선,1187641,120247567748350659,https://www.instagram.com/p/DY1i-vdACEm/,https://www.facebook.com/135447683885686_1500852482056186,17891697921473321,SHARE
